label,sheet,distance,bearing,arc length,exceptions,wrong_line,no_line,secs,tags_assoc,tags_pass,tags_fail,tags_queued,faces,faces_named,chains,closed,table_rows,rows_clean,frame,blocks_read,bearings_parsed,distances_parsed
smoke-test,r10741_2,17/20,16/17,0/2,8,5,2,30,0,0,0,0,38,3,9,0,0,0,record,187/382,20,32
six-base,presidio,39/47,30/49,13/19,60,15,16,86,22,28,10,33,61,9,41,2,44,44,grid rms 0.04,831/831,115,192
six-base,r10434_1,25/32,19/30,13/34,64,29,11,93,14,22,6,9,55,5,43,0,25,25,grid rms 0.02,719/719,82,173
six-base,r10434_3,41/70,31/50,21/33,111,40,39,144,28,24,29,112,97,13,81,0,83,83,grid rms 0.08,1402/1402,179,318
six-base,r10741_1,13/16,12/12,1/4,10,6,4,27,0,0,0,0,56,0,6,0,0,0,record,311/311,14,25
six-base,r10741_2,17/20,16/17,0/2,8,5,2,30,0,0,0,0,38,3,9,0,0,0,record,187/382,20,32
six-base,r10741_3,17/17,12/13,0/2,8,2,2,28,0,0,0,0,53,1,4,0,0,0,record,348/349,17,30
leg2-check,r10741_1,12/16,13/14,0/3,11,7,3,2,,,,,,,,,,,record+package,144/311,17,22
leg2-check,r10741_2,17/20,16/17,0/2,8,5,2,2,,,,,,,,,,,record+package,187/382,20,32
leg2-check,r10741_3,14/15,11/14,1/2,9,3,1,2,,,,,,,,,,,record+package,161/349,16,29
leg2-final,r10741_1,13/16,12/12,1/4,10,6,4,2,,,,,,,,,,,record+package,311/311,14,25
leg2-final,r10741_2,17/20,16/17,0/2,8,5,2,2,,,,,,,,,,,record+package,187/382,20,32
leg2-final,r10741_3,17/17,12/13,0/2,8,2,2,2,,,,,,,,,,,record+package,348/349,17,30
