parcel,station_m,x,y,ground_m
61985-2,0.0,547115.73,4183973.63,26.9
61985-2,5.0,547120.68,4183972.97,26.68
61985-2,10.0,547125.64,4183972.32,35.34
61985-2,15.0,547130.6,4183971.66,35.42
61985-2,20.0,547135.55,4183971.01,35.02
61985-2,25.0,547140.51,4183970.35,34.45
61985-2,30.0,547145.47,4183969.7,34.09
61985-2,35.0,547150.43,4183969.05,33.61
61985-2,40.0,547155.38,4183968.39,33.6
61985-2,45.0,547160.34,4183967.74,33.18
61985-2,50.0,547165.3,4183967.08,33.01
61985-2,55.0,547170.25,4183966.43,32.7
61985-2,60.0,547175.21,4183965.77,32.54
61985-2,65.0,547180.17,4183965.12,32.35
61985-2,70.0,547185.12,4183964.46,32.19
61985-2,75.0,547190.08,4183963.81,32.09
61985-2,80.0,547195.04,4183963.15,32.46
61985-2,85.0,547200.0,4183962.5,31.57
61985-2,90.0,547204.95,4183961.85,31.77
61985-2,95.0,547209.91,4183961.19,31.25
61985-2,100.0,547214.87,4183960.54,31.21
61985-2,105.0,547219.82,4183959.88,31.07
61985-2,110.0,547224.78,4183959.23,30.85
61985-2,115.0,547229.74,4183958.57,30.64
61985-2,120.0,547234.69,4183957.92,30.58
61985-2,125.0,547239.65,4183957.26,30.5
61985-2,130.0,547244.61,4183956.61,30.41
61985-2,135.0,547249.57,4183955.96,30.31
61985-2,140.0,547254.52,4183955.3,30.25
61985-2,145.0,547259.48,4183954.65,30.13
61985-2,150.0,547264.44,4183953.99,29.97
61985-2,155.0,547269.39,4183953.34,29.93
61985-2,160.0,547274.35,4183952.68,29.78
61985-2,165.0,547279.31,4183952.03,29.62
61985-2,170.0,547284.26,4183951.37,29.49
61985-2,175.0,547289.22,4183950.72,29.37
61985-2,180.0,547294.18,4183950.07,29.15
61985-2,185.0,547299.14,4183949.41,29.02
61985-2,190.0,547304.09,4183948.76,28.92
61985-2,195.0,547309.05,4183948.1,28.78
61985-2,200.0,547314.01,4183947.45,28.64
61985-2,205.0,547318.96,4183946.79,28.51
61985-2,210.0,547323.92,4183946.14,28.35
61985-2,215.0,547328.88,4183945.48,28.27
61985-2,220.0,547333.83,4183944.83,28.25
61985-2,225.0,547338.79,4183944.17,28.04
61985-2,230.0,547343.75,4183943.52,27.89
61985-2,235.0,547348.7,4183942.87,27.85
61985-2,240.0,547353.66,4183942.21,27.89
61985-2,245.0,547358.62,4183941.56,27.42
61985-2,250.0,547363.58,4183940.9,27.29
61985-2,255.0,547368.53,4183940.25,27.05
61985-2,260.0,547373.49,4183939.59,27.08
61985-2,265.0,547378.45,4183938.94,27.09
61985-2,270.0,547383.4,4183938.28,27.4
61985-2,275.0,547388.36,4183937.63,27.13
61985-2,280.0,547393.32,4183936.98,27.45
61985-2,285.0,547398.27,4183936.32,25.15
61985-2,290.0,547403.23,4183935.67,24.93
61985-2,295.0,547408.19,4183935.01,16.55
61985-2,300.0,547413.15,4183934.36,16.45
61985-2,305.0,547418.1,4183933.7,16.4
61985-2,310.0,547423.06,4183933.05,16.27
61985-4,0.0,547411.39,4183866.58,54.78
61985-4,5.0,547406.4,4183866.4,52.41
61985-4,10.0,547401.4,4183866.22,56.09
61985-4,15.0,547396.4,4183866.04,41.25
61985-4,20.0,547391.41,4183865.86,45.61
61985-4,25.0,547386.41,4183865.68,54.52
61985-4,30.0,547381.41,4183865.49,62.23
61985-4,35.0,547376.41,4183865.31,46.04
61985-4,40.0,547371.42,4183865.13,33.99
61985-4,45.0,547366.42,4183864.95,34.35
61985-4,50.0,547361.42,4183864.77,34.61
61985-4,55.0,547356.43,4183864.59,34.81
61985-4,60.0,547351.43,4183864.41,34.98
61985-4,65.0,547346.43,4183864.23,35.13
61985-4,70.0,547341.44,4183864.05,35.24
61985-4,75.0,547336.44,4183863.87,35.42
61985-4,80.0,547331.44,4183863.69,35.54
61985-4,85.0,547326.45,4183863.51,35.66
61985-4,90.0,547321.45,4183863.33,35.85
61985-4,95.0,547316.45,4183863.15,36.02
61985-4,100.0,547311.46,4183862.97,36.23
61985-4,105.0,547306.46,4183862.79,36.39
61985-4,110.0,547301.46,4183862.61,36.43
61985-4,115.0,547296.47,4183862.43,36.65
61985-4,120.0,547291.47,4183862.25,52.78
61985-4,125.0,547286.47,4183862.07,55.84
61985-4,130.0,547281.48,4183861.89,54.63
61985-4,135.0,547276.48,4183861.71,41.22
61985-4,140.0,547271.48,4183861.53,37.43
61985-4,145.0,547266.49,4183861.35,37.54
61985-4,150.0,547261.49,4183861.17,37.68
61985-4,155.0,547256.49,4183860.99,37.97
61985-4,160.0,547251.5,4183860.81,38.17
61985-4,165.0,547246.5,4183860.63,38.36
61985-4,170.0,547241.5,4183860.45,38.59
61985-4,175.0,547236.51,4183860.27,38.86
61985-4,180.0,547231.51,4183860.08,39.11
61985-4,185.0,547226.51,4183859.9,39.39
61985-4,190.0,547221.52,4183859.72,39.61
61985-4,195.0,547216.52,4183859.54,64.12
61985-4,200.0,547211.52,4183859.36,45.25
61985-4,205.0,547206.53,4183859.18,63.4
61985-4,210.0,547201.53,4183859.0,60.77
61985-4,215.0,547196.53,4183858.82,60.65
61985-4,220.0,547191.54,4183858.64,41.01
61985-4,225.0,547186.54,4183858.46,41.1
61985-4,230.0,547181.54,4183858.28,41.21
61985-4,235.0,547176.54,4183858.1,41.3
61985-4,240.0,547171.55,4183857.92,41.44
61985-4,245.0,547166.55,4183857.74,41.0
61985-4,250.0,547161.55,4183857.56,41.23
61985-4,255.0,547156.56,4183857.38,41.57
61985-4,260.0,547151.56,4183857.2,56.16
61985-4,265.0,547146.56,4183857.02,53.37
61985-4,270.0,547141.57,4183856.84,41.36
61985-4,275.0,547136.57,4183856.66,53.78
61985-4,280.0,547131.57,4183856.48,40.84
61985-4,285.0,547126.58,4183856.3,40.54
61985-4,290.0,547121.58,4183856.12,40.14
61985-4,295.0,547116.58,4183855.94,39.82
61985-4,300.0,547111.59,4183855.76,66.07
61985-4,305.0,547106.59,4183855.58,66.22
61985-4,310.0,547101.59,4183855.4,64.3
61985-4,315.0,547096.6,4183855.22,61.27
61985-4,320.0,547091.6,4183855.04,60.17
61985-4,325.0,547086.6,4183854.86,60.4
61985-4,330.0,547081.61,4183854.68,36.45
61985-4,335.0,547076.61,4183854.49,41.25
61985-4,340.0,547071.61,4183854.31,32.92
61985-4,345.0,547066.62,4183854.13,30.77
61985-4,350.0,547061.62,4183853.95,30.24
61985-4,355.0,547056.62,4183853.77,29.18
61985-4,360.0,547051.63,4183853.59,28.68
61985-4,365.0,547046.63,4183853.41,28.34
61985-4,370.0,547041.63,4183853.23,28.09
61985-4,375.0,547036.64,4183853.05,31.36
61985-4,380.0,547031.64,4183852.87,26.92
61985-4,385.0,547026.64,4183852.69,26.48
61985-4,390.0,547021.65,4183852.51,26.26
61985-4,395.0,547016.65,4183852.33,25.77
61985-4,400.0,547011.65,4183852.15,25.92
61985-4,405.0,547006.66,4183851.97,25.91
61985-4,410.0,547001.66,4183851.79,25.62
61985-4,415.0,546996.66,4183851.61,25.18
61985-4,420.0,546991.67,4183851.43,25.11
61985-4,425.0,546986.67,4183851.25,24.47
61985-4,430.0,546981.67,4183851.07,24.51
61985-4,435.0,546976.67,4183850.89,35.23
61985-4,440.0,546971.68,4183850.71,35.08
61985-4,445.0,546966.68,4183850.53,24.77
61985-4,450.0,546961.68,4183850.35,24.83
61985-4,455.0,546956.69,4183850.17,24.77
61985-4,460.0,546951.69,4183849.99,24.83
61985-4,465.0,546946.69,4183849.81,24.7
61985-4,470.0,546941.7,4183849.63,24.65
61985-4,475.0,546936.7,4183849.45,25.12
61985-4,480.0,546931.7,4183849.27,31.45
61985-4,485.0,546926.71,4183849.09,25.25
61985-4,490.0,546921.71,4183848.9,24.49
61985-4,495.0,546916.71,4183848.72,24.22
61985-4,500.0,546911.72,4183848.54,24.45
61985-4,505.0,546906.72,4183848.36,25.26
61985-4,510.0,546901.72,4183848.18,26.05
61985-4,515.0,546896.73,4183848.0,28.06
61985-4,520.0,546891.73,4183847.82,29.6
61985-4,525.0,546886.73,4183847.64,29.84
61985-4,530.0,546881.74,4183847.46,29.97
61985-4,535.0,546876.74,4183847.28,32.76
61985-4,540.0,546871.74,4183847.1,29.42
61985-4,545.0,546866.75,4183846.92,29.44
61985-4,550.0,546861.75,4183846.74,29.39
61985-4,555.0,546856.75,4183846.56,29.41
61985-4,560.0,546851.76,4183846.38,29.42
61985-4,565.0,546846.76,4183846.2,29.43
61985-4,570.0,546841.76,4183846.02,29.46
61985-4,575.0,546836.77,4183845.84,29.52
61985-4,580.0,546831.77,4183845.66,29.63
61985-4,585.0,546826.77,4183845.48,29.66
61985-4,590.0,546821.78,4183845.3,29.84
61985-4,595.0,546816.78,4183845.12,30.4
